Doctor Names,Cardiologist,Cities,,,
Dr. Rahul Sharma,Dermatologist,Delhi,,,
Dr. Ayesha Khan,Neurologist,Bangalore,,,
Dr. Vivek Iyer,Orthopedic,Chennai,,,
Dr. Arjun Mehta,Gynecologist,Mumbai,,,
Dr. Sneha Reddy,Pediatrician,Hyderabad,,,
Dr. Karan Patel,ENT Specialist,Ahmedabad,,,
Dr. Neha Gupta,General Physician,Delhi,,,
Dr. Rohit Verma,Dermatologist,Jaipur,,,v
Dr. Priya Nair,Cardiologist,Kochi,,,
Dr. Ankit Singh,Neurologist,Lucknow,,,
Dr. Kavya Menon,Orthopedic,Bangalore,,,
Dr. Suresh Babu,Gynecologist,Chennai,,,
Dr. Meena Iyer,Pediatrician,Coimbatore,,,
Dr. Rakesh Jain,ENT Specialist,Indore,,,
Dr. Shalini Das,General Physician,Kolkata,,,
Dr. Deepak Yadav,Dermatologist,Patna,,,
Dr. Pooja Kulkarni,Cardiologist,Pune,,,
Dr. Manish Tiwari,Neurologist,Varanasi,,,
Dr. Aditi Sharma,Psychiatrist,Delhi,,,
Dr. Harish Shetty,Orthopedic,Mumbai,,,
Dr. Nikhil Arora,Gynecologist,Delhi,,,
Dr. Swati Joshi,Pediatrician,Pune,,,
Dr. Amit Desai,ENT Specialist,Surat,,,
Dr. Rekha Nair,General Physician,Trivandrum,,,
Dr. Sunil Kumar,Dermatologist,Delhi,,,
Dr. Farah Ali,Cardiologist,Hyderabad,,,
Dr. Mohit Bansal,Neurologist,Chandigarh,,,
Dr. Ritu Saxena,Orthopedic,Jaipur,,,
Dr. Gopal Krishnan,Gynecologist,Chennai,,,
Dr. Anjali Mehta,Pediatrician,Mumbai,,,
Dr. Tarun Kapoor,ENT Specialist,Delhi,,,
Dr. Vivek Agarwal,General Physician,Noida,,,
Dr. Shubham Mishra,Dermatologist,Kanpur,,,
Dr. Nisha Verma,Cardiologist,Delhi,,,
Dr. Rajeev Ranjan,Neurologist,Patna,,,
Dr. Preeti Sharma,Orthopedic,Delhi,,,
Dr. Lokesh Gupta,Gynecologist,Jaipur,,,
Dr. Suman Reddy,Pediatrician,Hyderabad,,,
Dr. Harpreet Singh,ENT Specialist,Amritsar,,,
Dr. Kavita Pillai,General Physician,Kochi,,,
Dr. Manoj Joshi,Dermatologist,Indore,,,
Dr. Zoya Khan,Cardiologist,Mumbai,,,
Dr. Sandeep Chauhan,Neurologist,Delhi,,,
Dr. Deepa Iyer,Orthopedic,Chennai,,,
Dr. Rohan Kapoor,Gynecologist,Delhi,,,
Dr. Alka Sharma,Pediatrician,Delhi,,,
Dr. Nishant Patel,ENT Specialist,Ahmedabad,,,
Dr. Shweta Das,General Physician,Kolkata,,,
Dr. Ajay Singh,Dermatologist,Lucknow,,,
Dr. Pankaj Malhotra,Dermatologist,Delhi,,,
